12b5633bad1f9c167d523ad1aa1947b2732a865bf5414eab2f9e5ae5d5c191ba,12cbQLTFMXRnSzktFkuoG3eHoMeFtpTu3S
28204cad1d7fc1d199e8ef4fa22f182de6258a3eaafe1bbe56ebdcacd3069a5f,1DCbY2GYVaAMCBpuBNN5GVg3a47pNK1wdi
28204cad1d7fc1d199e8ef4fa22f182de6258a3eaafe1bbe56ebdcacd3069a5f,1DZTzaBHUDM7T3QvUKBz4qXMRpkg8jsfB5
298ca2045d174f8a158961806ffc4ef96fad02d71a6b84d9fa0491813a776160,1LzBzVqEeuQyjD2mRWHes3dgWrT9titxvq
35288d269cee1941eaebb2ea85e32b42cdb2b04284a56d8b14dcc3f5c65d6055,1DCbY2GYVaAMCBpuBNN5GVg3a47pNK1wdi
3c1d7e82342158e4109df2e0b6348b6e84e403d8b4046d7007663ace63cddb23,1KAD5EnzzLtrSo2Da2G4zzD7uZrjk8zRAv
3c1d7e82342158e4109df2e0b6348b6e84e403d8b4046d7007663ace63cddb23,1KAD5EnzzLtrSo2Da2G4zzD7uZrjk8zRAv
3e4cc1f71c998d080528ae305dffcc01419851e0d7b5191edfada9528625bff6,1BGnWwafsPsHo11opJGVbJdLADxakwZoAD
3e4cc1f71c998d080528ae305dffcc01419851e0d7b5191edfada9528625bff6,1CpZmPEGBbH7gUsM1xS31CvaKDE92EiiKg
3e4cc1f71c998d080528ae305dffcc01419851e0d7b5191edfada9528625bff6,1NyD2gM5qcGCRKmuJK7gUUqcQMrUFQRZQz
4385fcf8b14497d0659adccfe06ae7e38e0b5dc95ff8a13d7c62035994a0cd79,13HtsYzne8xVPdGDnmJX8gHgBZerAfJGEf
4d6edbeb62735d45ff1565385a8b0045f066055c9425e21540ea7a8060f08bf2,1ACWHyRM8rtbt96KauPJprnF2qDQSdPJ54
4d6edbeb62735d45ff1565385a8b0045f066055c9425e21540ea7a8060f08bf2,1ADpf5rHERc2PmVAZZFoH7WbougKvkPDVD
4d6edbeb62735d45ff1565385a8b0045f066055c9425e21540ea7a8060f08bf2,1DNdPgBZRWjDj1JbVZQEYMv7jvqJF7R4Py
4d6edbeb62735d45ff1565385a8b0045f066055c9425e21540ea7a8060f08bf2,1ELmSkQWnqgbBZNzxAZHts3MEYCngqRBeD
4d6edbeb62735d45ff1565385a8b0045f066055c9425e21540ea7a8060f08bf2,1LfjLrBDYyPbvGMiD9jURxyAupdYujsBdK
5439c37c4c6dad4ad93b1d5598d57f1aace9d0f68b892236da903b3f136451a1,132aSc15WmoPwtMbqRVzouZKNnjWL1YTVb
5439c37c4c6dad4ad93b1d5598d57f1aace9d0f68b892236da903b3f136451a1,17oofDoUGPaTi7xEP3StP1sU1YxEMDfQa6
591e91f809d716912ca1d4a9295e70c3e78bab077683f79350f101da64588073,12cbQLTFMXRnSzktFkuoG3eHoMeFtpTu3S
6b0f8a73a56c04b519f1883e8aafda643ba61a30bd1439969df21bea5f4e27e2,1DZTzaBHUDM7T3QvUKBz4qXMRpkg8jsfB5
6b0f8a73a56c04b519f1883e8aafda643ba61a30bd1439969df21bea5f4e27e2,1KAD5EnzzLtrSo2Da2G4zzD7uZrjk8zRAv
6bf363548b08aa8761e278be802a2d84b8e40daefe8150f9af7dd7b65a0de49f,1E5npMTmh9PnBHxCacuqzAZRGEybkxPMAq
6f7cf9580f1c2dfb3c4d5d043cdbb128c640e3f20161245aa7372e9666168516,18KrJNtPVu6LWRNPQReqF29iFm7vDhirMk
6f7cf9580f1c2dfb3c4d5d043cdbb128c640e3f20161245aa7372e9666168516,1Miuw7ifaTYY5qrzKYFcTDiojSFxRfAqwP
828ef3b079f9c23829c56fe86e85b4a69d9e06e5b54ea597eef5fb3ffef509fe,12cbQLTFMXRnSzktFkuoG3eHoMeFtpTu3S
a16f3ce4dd5deb92d98ef5cf8afeaf0775ebca408f708b2146c4fb42b41e14be,12cbQLTFMXRnSzktFkuoG3eHoMeFtpTu3S
a3b0e9e7cddbbe78270fa4182a7675ff00b92872d8df7d14265a2b1e379a9d33,15NUwyBYrZcnUgTagsm1A7M2yL2GntpuaZ
a3b0e9e7cddbbe78270fa4182a7675ff00b92872d8df7d14265a2b1e379a9d33,18SH9vwx24L5cTabfkgtGMjF8A56pD9AUJ
a3b0e9e7cddbbe78270fa4182a7675ff00b92872d8df7d14265a2b1e379a9d33,1ByLSV2gLRcuqUmfdYcpPQH8Npm8cccsFg
d71fd2f64c0b34465b7518d240c00e83f6a5b10138a7079d1252858fe7e6b577,1Jhk2DHosaaZx1E4CbnTGcKM7FC88YHYv9
e36f06a8dfe44c3d64be2d3fe56c77f91f6a39da4a5ffc086ecb5db9664e8583,153h6eE6xRhXuN3pE53gWVfXacAtfyBF8g
f4184fc596403b9d638783cf57adfe4c75c605f6356fbc91338530e9831e9e16,12cbQLTFMXRnSzktFkuoG3eHoMeFtpTu3S
