:START_ID(Address),:END_ID(Entity)
1139cMXhXYqtr7HbhPRZSVpRsJpWgZyrr2,0
113pDtuGGMmKRkHS63UdsMNAQDHT7qcQEc,1
121dXKrMFUJsMvbHt19YdLorKyYbmZpj15,2
1237uX8Br59pNQYQFC2TNJZELRedPRHv2d,3
123u92nd75btiFD5qV1W9W14ZADHMVq6kE,4
125Rg7ZvmYxeoNeTbU4CaXrVSxbB331KPZ,5
127xfzeX9eAVVUWsjGgNDgQdVMBFtcJXEg,6
1281ZBYNe7qJGMsGgHL2YgUEEFwCdXQwBq,7
128KyT3PMB3WLcZVu48asfaTwtb6tZE2dm,8
12AXzKtoBd98ZnVUoDs7yH82wqZWennFiU,9
12CnxFWVZq59tbsgoSn6TJWArWLoiJDRNk,10
12DjDWvXifrxizvn7rdQdYqrq9jnY6iA4F,11
12FJ9JozCQm11i2YMEEk1n5Keeanpmywr2,12
12GBk2eiu3AEVvNYTwWYnUz49ecRjJ1CR6,13
12GMVTpBzaEqR5UD8AvhfvqQGbMSvwSjiH,14
12K7KX62gCG6grqiwZhP8P65AKEtMwhJDo,15
12PxCUgj1bLy2pR6M9aTVWf8RNC7Lxf2DR,16
12Qvuw5kibdF3zMn3e7AEszcpaazLegLEs,17
12RHqP4YgB8CoFWVkHaEc5XftwUGVXXAi8,18
12RyzPinkywNAN1L78tpBS14QTFQCBhuLE,19
12UDKw5qw7M4XB9JgUD6F1ifA49RBUev38,20
12V3D1ytYGZgYTgmuNh8JLAiKMF9chUoDd,21
12VKdj1La4fnqX7qTQPfPwm9McBxtmtSsG,22
12VXhZdAFojTg6Qz9am9LgghA8eYYiyqK1,23
12XPHPCGYz1WgRhquiAfVeAyjZ7Gbdpih3,24
12XYsEE61mDYaCWeWPE8npdGeMePg842WT,25
12aEVs382mMTcVDrRGj9FhkXFeHaeyL5Jr,26
12bAezJkUhUxUDVZUypN9HP7obfWm58hSw,27
12c6DSiU4Rq3P4ZxziKxzrL5LmMBrzjrJX,28
12cbQLTFMXRnSzktFkuoG3eHoMeFtpTu3S,29
12dRaqF6c7n8rvbhCWsQysKmNKPgDJfepK,30
12giTBKtUMH52G6VUX3RwAcAszDgu3brXF,31
12higDjoCCNXSA95xZMWUdPvXNmkAduhWv,32
12hytc22r89qWqXziWPRKfNhbvrNyoPZC7,33
12jiJuWynwFcqbNyoay5Sy9pmJn9dsFRgh,34
12k9bov2grZLs7BjAogBDtDG331R9d3aA7,35
12oAMNsu5qmzpcafSKJMYxnPCyaYxui4sp,36
12oRSUW6UVYNCUk8yyrFvbpbJw7uia31sA,37
12r7QnVQXAoFrVsXpEdx22AgMJbzZ5N4Qk,38
12ti6ZDtjJTFnfSXJD1yZeojFdc1u4nJcS,39
12vhcB2bfspTua6XLpLcZPP4zpkudmw2re,40
12wej8tANWruTQFEhWFJtTkjNLt76pE268,41
12wm668ySFxjAPGnZHPBR4uWqUmNdXg2kP,42
12zBX15JrZjgxLkvr3rVUcVcD6323rZ3bY,43
12ztBPA1XxLirax9GQaWdJ8ecFrmSd8JGt,44
132aSc15WmoPwtMbqRVzouZKNnjWL1YTVb,45
132hW1FJARQEZxgCmJuiEMeBkA4ogd8vQT,46
133fZZzNNbHL5VSuCWrUkLW2oL9ZPJELbY,47
133xmQyVGHnyQwr2pYNiHUMeDUS3mYVsB7,48
135S6YvALYCydS6R82hWi967f3xUnWVQ3S,49
135uQWV3vn5JNgQrWcLd6gWr9S2ybj2BB7,50
136W8Adk7XTrjPoDVPCsGhdtzik4Kq1dZi,51
136g5f3pBidF6q8udL5GGb66CzG7AzBNwv,52
139cAssmKieyobfmJbMc4qhm6DL5vFfxHC,53
13A1W4jLPP75pzvn2qJ5KyyqG3qPSpb9jM,54
13CZVnvXMjj97Nes8b8bkvEPNRduK9R2FA,55
13CiNuEMKASJBvGdupqaoRs2MqDNhAqmce,56
13F1h7nLa4bgwgvjnRnBYh5cn1kpT4Mo2p,57
13FMvP1eY9uVqdmPWVUGDppo4qhVNMJH4W,58
13FnhkPLznaoRYPB34LFtU33dDnZxe1eze,59
13HtsYzne8xVPdGDnmJX8gHgBZerAfJGEf,60
13LTHn9r7WdSkbo2ewwf2pvvJNUtMaEw9V,61
13MUb9zCC5niHUmYcXb6gyfL9RpCoaoUjn,62
13N2t3Q5VrHC84ZdV6xC3GuNhZzfbCreJP,63
13Pqi765raqA9mFW4q2KormB5B5huYbHbs,64
13QLhuRNGX7Jczs3Sq4H3Hoj1fUtWF6EVt,65
13QWmek3hEUhhcXL6PkyaQvW8cYuZwGFpM,66
13R9dj39ijnsgi2bsA4SeYjZ3puzHktgXK,67
13SxLs9mUbCyXrJ273nJLShaFq5dmDNiJM,68
13Vpu2cTr58iTAKaF9MfYxrgzYTHK64qtG,69
13Vt63i4G1uMhfnkK62abVNtKwYDpNf3qz,70
13YTbt4GVaTcXHv2UwxBeuwyUdj167rJuo,71
13ZZm14ed78RHeEiqHMdLrCTDv928MvZEd,72
13ZhaKAv6Rb73ycrL868x3LA5xfnmE7Xyj,73
13ZoLW3cEu3h8PoFg5dw8hp947Q2YbXV47,74
13aK6boaLbWkyLsDBmNZnUGhzh4iL2vQky,75
13cUmv4sHaSF5CydeeucUF2NBCJa7fz5QJ,76
13eJ37Beo8JYTcP6kkJN5G2WUZKvBJf5Ng,77
13fpwAyzcbNJ2UDFWnoeQ2D2tVgvLMCjmd,78
13hEUo8avFwqw9UWZD8hFctBsJHrs7wHss,79
13iDhZNq6ejzR4GcRZo8F9A9oYR4GgXV3q,80
13kjsBfe8D7bwmT938DxCLHzjvae6uvHPg,81
13mXNtthQ8WDrNLBCrXDFjMet3qNR6ju6r,82
13mYtVxjEiEAtvbG3Mfy1NHwsAVVbVLtVi,83
13pS5WuihmpE7WMQAZkFdvfvVo1NDp7R7V,84
13ph5zPCBLeZcPph9FBZKeeyDjvU2tvcMY,85
13rQ3QfPXE213Tuc7jmi9znoh77QUUhB5V,86
13t2rxB1FiZ8rSR3jVVNAmJN7hxFCq6pjp,87
13wdUr5phHen1PP1dK8NP9jGQqpk8PZm6A,88
13yy3HpQ2rHyTCNkqdSvaDRMnnuhnKjS38,89
13zrE76hjXh1wwtUFE6WsCbrG7NPWgRBVW,90
14BEaEMUZiRx3V3aSSJqUJsYLcaYc4SbDh,91
14CSP7wTwnse4FXfbqY7XNu89w3Ns7GwiX,92
14GXUTbTkfrVT4ixpee9Wv6mMcavGdgKTV,93
14KGc9MVADVxGxorV2Muhgc7aTSmLYdbPQ,94
14NNcfY2eFjG5YCC2DmgZfjj8kYmfAvWNs,95
14QFGVvDKJZEBMagGyDctfvboG2bgboBAU,96
14QyWYad5GsTmDvcJZD3d2Pjf5FUT1NyMn,97
14U5EYTN54agAngQu92D9gESvHYfKw8EqA,98
14UyXKWBcVHYcqSpxYcmR9JLZu6pArwDrd,99
14VzDyJrL5FBM3vuWd2ngCmwkQAetN2zqy,100
14bz2YUvxEWAhYk7EkVznU3pJC36Lq9967,101
14c5uQYWBFPfwwRpmMud8GGj7tFAfC7fE5,102
14cTK7e9nXWTRwrhhxBtiFVcppWUq2khTi,103
14fKXAX9CFFGVE2txHtTbLX5owb6x9dYh3,104
14fQ9wqBkfNRCMACBVUJqDiKtEdhen2D1A,105
14gq7UwHnQzTYvs41AFPeeRyeZncHtawHm,106
14h26qnXiqdy9FxPLp3dXsmcon7d14Mdap,107
14je86gJp2QKgdSnVC7ZFurpCyeVp6RXxf,108
14kbZs9yn2k5r6R5Tkf6gDKp3b3MDu1eGk,109
14kgv4or54hE78ooN2rUF2M7ZcsoUzNLfo,110
14miac6nnm9FWyew3CqG995ysHPSKfoXYP,111
14nELEgJL95NU3BKi5D734ysFuVUCEjLWg,112
14o4kbHFVQXJZqygEBCJUJTNGaM5G7w3Sw,113
14pBXdFvEaPy6t4gbnrrQWu86ZYPTivEx3,114
14t7yS4QNCUyeUsxcZRaXBYncyKJFAeZyU,115
14vLeRwKbYrgZj2oNtXfTsygHguKZVbaKG,116
14w8FgPQhPRuP4wnVpER9p9Cb7kYQWkzwY,117
14zfBQx95CP2iRxUuyouhqJsBzgj9iKt4X,118
1532EFaUjBBZJYPnb888aQB5sHTNWCeytN,119
153QVGuKp7FkVbZCLRDQmFyzZs6z1Lofyk,120
153h6eE6xRhXuN3pE53gWVfXacAtfyBF8g,121
1562oGAGjMnQU5VsppQ8R2Hs4ab6WaeGBW,122
158ECj16ZB1f1mZtB4SjyJp1joPuzpg9gM,123
15ALyVo8ZuoTikHMYRq6p8nGr17gxQApXf,124
15ATbhqgqxkGen8ZLsb2BEbQzw3ymdzbQ9,125
15CPBGqhqwi26vgA1TmRHgjSsQCbnrvJRk,126
15EMUiFD7XoHpzCA4sErNmqCT4krsQzgKx,127
15Eto1LeCTkZGkPwr3H2BS8Nu1yadfeEH8,128
15HWA4SmQ9zm9iYGyxPK7r1oDugPXeWwDk,129
15Hks7R8Xadd1tc2MSttJhH12j23B5rcCi,130
15JpqundSRrcSjprqcXWk8P2SNTHChUHSL,131
15Me5i7uVLgc8ktZHHMzkMLGFzkm1RGn1Z,132
15NUwyBYrZcnUgTagsm1A7M2yL2GntpuaZ,133
15QFLqNG398Qwhv8DjkERVpY5fXnaJbLu6,134
15VF3MsCzjHmFQ3wK3SMrTEBTmFY8zhJnU,135
15VaaLskYYjnKYBjxpjSABX2quyvUEBvnf,136
15WV17J7pbDKdZ6eeGBg5yZ9jb26TaW8GB,137
15WbVaiWgXca1ef3ZYxMLi8GxYPee6AH9v,138
15Zkm5xRdCYYHkHS1i21PcE9eEsyKdkgWy,139
15at2tpirnt7tt413o9qUMGgsEBD3oyARB,140
15bLNWETKsRuAVUBLAnFu2815fAK8bu58X,141
15dnC28mA2tnbSbyjtqVRVtcmXwroDSrJQ,142
15eCuQ4Kd25VDhtv9Pko6DL3tt1ACa3tR8,143
15fLMPJUAyiuc28gscdmRnVu1zUC1TXHtz,144
15fptg9hmM6Pk1TNNJcQJEqosbve8FBqKS,145
15gAazz2GL4FgPBdFvTuq2u4dHogc1R6eR,146
15hzwjHLsh6KrZA8TUfQaAZ5o2yTPAuKfW,147
15jqawy4NJNZrpVk6WsHucecVKs79zWuWr,148
15jvQLzprF282rVXXcK39wXmBkiMywhSqC,149
15kHBARv1ZaCrmyExVUn6Uh7wnJVXveF8A,150
15kKY1Tx3e5Qt52ZeZVm1bZKzrMRD11tGc,151
15m4Rc72NaXG8G3JTwfi7hSQPAv5ZiFTv7,152
15nagDkhsd7gJphsahnGkZ5Mhnzg6S1miM,153
15qgGqvzsyCYnjyCQLNrXzjtgxQvGVLPj4,154
15rau8784NmsVEirV1x2WfRrk7gMwbcLsU,155
15tFMc5EgxDDcT1BpbSfzuqsmCpBX1gNXm,156
15ubicBBWFnvoZLT7GiU2qxjRaKJPdkDMG,157
15ubjFzmWVvj3TqcpJ1bSsb8joJ6gF6dZa,158
15yN7NPEpu82sHhB6TzCW5z5aXoamiKeGy,159
15z1nJqsrAUchqwQ4hsWnyPru2nUjuuDhR,160
1627A2DbCtVVykWVJmdQz2ERwkw4uiEL22,161
1642o19pahkkdwHuPSx6uxk9HMmC243Bu7,162
168usSBH4Hav5ivkQ2gYeDd8w6sJsd92zd,163
169nqBPnVaBVpfNBF412qitFWki9SqvXc6,164
16AZZq2A6AganQvdUoTjQBZvmHh8fu2Avv,165
16CxHzZU7aXBXvrZzoFmcsPxUYVTLgzbYq,166
16DmFboHW7n1v1tryVW6iwbysri4EjoP2A,167
16DvfwUBRqaZGaMWnzSnX8TPUantMKXhjV,168
16Dwz2poTe1rDeDh1Q4p2AM7VLzqG7LorJ,169
16HRfyssnLAtnpWG8pnGJdGgNpXtKW78Yw,170
16KBHNEruCnfkuVKEEHRo8fHV4RxGtnEB4,171
16LdiHympMFsakyiBpSqEwrCvJZnzugsow,172
16LoW7y83wtawMg5XmT4M3Q7EdjjUmenjM,173
16NEqTQenDpSAn18utw6sYD631Cq9znZf7,174
16Q4ozBMbGMJZWVYb6J596hEUZ5GEdKe9N,175
16RGBFEHfNqjzN6UQ95imqtM91PBcQUMCF,176
16SbXsKy6R7UroZr8ANFhKbNCrBjYFj73C,177
16SneNM9p582qaeuLgdvaJy1pK16awe6se,178
16V5j39diPbwaiwmyfaAWjjxvWLZGLxzma,179
16VPs6exrkXqveSCwqGXxJ1GVYjCY62R4H,180
16WDW7nE6pfAyZkrCdkgFmeMAKrESaB1un,181
16Z8MAo1Kh5ySWScqJxB3ZbftJnrcHqquy,182
16bo8EmUnLJAmtDNavgcs1BQ5rU4YcR9UC,183
16c44JhQegiNQmZevfQWscS4SbT1tZ8BGd,184
16cAVR3SQbNzu8KZtGdo8cG1iueWpcngxz,185
16cHAjKh6Gr5HFDqz6JKgLmtpMzbKpZYfa,186
16fphReCgSZyQLoAi9vFKNPtytq9Bk6XQg,187
16gAbaQvHgg5aHEtbTWu8DpLmZkRqoBQiU,188
16hWr6twFK4Rt5tAJmoqDeSVQsxZ1tFuJa,189
16jZuw5nwn3ZgzWYrRvhi8NZW2b1NRk6S7,190
16jpiyQBrkgQ1P1FPg3ws8Qd3pVHRKSeiN,191
16kf2cAY8V7iZjX21Pm8znMJxqa2TYcqQ5,192
16kktFTqsruEfPPphW4YgjktRF28iT8Dby,193
16koVUpQrVr8ZotUr9g3RQ7AgWNuwpYVws,194
16miRBBoGPbButAoZfxSMG4VgwoHrKUiCk,195
16n5Zk9SquiPU5xoTn6UBbCkuophZsHLjf,196
16nRh2GxsbDDV9uvPVRUXSyjyWhiDsWMZD,197
16nsQ2sBRoCY87jHQ5CzrsqHAfyWDS4KRK,198
16oMqP6mFLAAWbpxGf6Bo5F9SHUpgutwxa,199
16u9zezdrdYGj4pEp3GQPG2rmoG3yF2jLx,200
16uLRKbrL7udQtcDAUk2i5e4tVu2T8Xybo,201
16ucnLgySRLYy2mvBuXFZPZCRM8DoFY46W,202
173nP2jc1E7pqaBCTHhUpkbCcmEKHXQZRt,203
175aRoo3z9N1fdQwj6Zmh6yvYx6AtwRe4Y,204
176n9Cx6LKri6YUxFNBr7aUzb2TbLzJbsM,205
179GiVMKtPQcRMx3obUFQBcqAHCjJG5X2K,206
179oK2qK7e52BZsRRHmyfFAXP2Tkkn2Zrp,207
17B3kpD6d9SSaoKATBgGqDn25dFnSvjcVE,208
17BzCutAshtuzg5pMDtJtccMnQFmm7RyAD,209
17C8uaaknVNSfGM6eeaZQzrrEuhveQPirv,210
17CtNkUdjYwa99vAHb9YbgXJ36wTRHQh3r,211
17DhxgcJiaiv6MGDGwwzRSryZgcbCj25AR,212
17FNKvUnLaB8zJve72S2E777ZDEZBBRBk8,213
17FR5FgMDbZAtoghapcKfYW23sruRGcX2v,214
17FSwcv61SfE86XxhrqLMLRHug2vgc5c5m,215
17G319fJwSi9LhwCgkZo6ad8rUfBLM39Gs,216
17JBzrMFh3fEjLPzhJtTgf2K22suf1NZiu,217
17KG5gGwKu1DNNaMdrngw3UdZUh4ZhacNT,218
17KqPU8qMddkQ9h15JrL9FzvsGhPK9wh1u,219
17LDnEt8ggVjH43QdjhZ4FhkXC9zXgk48b,220
17NRRNNsbJuEAC9R2xeFfKyBmY5avdHw1u,221
17UTH1UQESg5mhJuYGmZVfU5zpwgiiimG2,222
17VDMXuQQJbwZWpep9LsGwEZxPbASwJzz2,223
17abzUBJr7cnqfnxnmznn8W38s9f9EoXiq,224
17c6L9JUGVenn6CfqXuB93L3Tk8Tbzefui,225
17c7Q8CbP3o2iLXfgBB3tqnbf2qET1vDe4,226
17dxncK8bqPjGsagPRZfGftcfvckfJ2qcJ,227
17fQb5SJwU94hCqanPNWjEujW57VhJs8ov,228
17iHAnFai5KujE5vHqRzuqxij81H6C7KFi,229
17iyRRXBHJKbv5DKPPkttWewm3CHdNPGQd,230
17jPcds8h7jv2vgnVntft46rQkamAngNPY,231
17jkFTQuYaGssazzqZ6CTHgRVQYRgLmf34,232
17k3Gr1KM16X5cQ5VCp7sBmw12Gh9bpL6m,233
17kMwyZ1zPHasVyeo9L7vnpnH6WuxNteMG,234
17krd5bCRMHWCe7pVh1AuFX74VaveH1Xcu,235
17md2fmB4FenCdGZAQdHkVQLAuaKQ2hnVp,236
17oK57YwK6C2kAF8WE4azAJandBFSe1noK,237
17oofDoUGPaTi7xEP3StP1sU1YxEMDfQa6,45
17qC5cT9SWKt8DcKQ7iNe4nf2qifsnUeAF,239
17rHN3JsYCe6s4pDhMJdTRaFWMVnjg9MqX,240
17tAKf72nmD6TNdkLsWnj1jhmvFPajMHZw,241
17toKvqM63FwvpveEBrNt8qNGd3WYA9rwK,242
17uH84gEsksgt8dCLsBNozWcau2Xr91LuS,243
17uWtnxcJdpH7pEXXmr1SLrohVxe18B3fD,244
17uiEVD2d9U33YzfYJ2vZ9BrUhmMYVnK8M,245
17x23dNjXJLzGMev6R63uyRhMWP1VHawKc,246
17xQEk6df1Zyzvzs3oLPU9k5BZ85uGxC19,247
17ysQmqZCWb4WMCXueWfQ7LK9W53GELp9s,248
181ErC1SkXTZpeeZFp1aeybbxRzkMBqK4C,249
184wTUutRt5geVhpCzhnp8vmKJWjUQGeah,250
185ML6h3Ee3CmbXkXRsv9nK6uDbFubNJYv,251
185qFTbmP3poioBaohmK8FoL4JkTGh1T9p,252
186tV3WUXJBxvRTH7w8SCDk4qxGcAmRNnK,253
18AxSTPQBiyYSWXkEXSRcW8faTTgmm3fE2,254
18GQYzobd6b8uhw3rBBCJybmpAFJG4HwNi,255
18GRjZxoAGwkxQas5YFWisTYT9eRdiRTCw,256
18GyZ216oMhpCbZ7JkKZyT8x68v2a8HuNA,257
18K6LJ9wFKSkYDA3dspswRPWiPgNZKvN7d,258
18KrJNtPVu6LWRNPQReqF29iFm7vDhirMk,259
18LieZnqZqrCEpNFgMPS6yR3S3WGQ1N1d7,260
18NmcVxBKf5tZXuV5KijPTgbdguGohnBCV,261
18PWsYzYWWvLiMju8cVHhKNAQaFdpiDnAC,262
18Pyh2DnqRAuqhJJMEzUY23MeP7y1pdXS5,263
18QBVVBWHQq8v6Ca2YSbEcEhS2KRsWQpWZ,264
18QQUbHJhyzFDVKhEHPhHFZF3qdBmp74eB,265
18QW6TzKUm9r4BPHLEEJWcDjmG8Gsc96y,266
18SH9vwx24L5cTabfkgtGMjF8A56pD9AUJ,133
18SSrPo5rDpZwtQid83mJ74YMMxU8p2Scr,268
18U2VSUxosM4tpEj5CrfRsY96Zw3bxAAPi,269
18XcqBQ7BbE7TLvQfbGHKhqBgo4MvjGGVG,270
18YQ5cTEYZ6APbmx3nxMERN4ickgzGCr1v,271
18YbbNd4uLSPXkcWifNRK3JZQ7JVRnMXHa,272
18ZtLGbFXjXG9boB7SPefMgRfnxrSUzNbE,273
18a3JX7ZZvu5CdaqY33RxzXB3ytEjspsGq,274
18bCMRkoCBVvr7Mv2YyRopawa7hrmY37Qv,275
18bN2GBzfRwnV6dmr7MiuDoxn39uqvjwPs,276
18f9MK9ea4agsZP6P2Dh4uCuyT64qZs4h3,277
18gMVyniCeS3HT8yD5m8KQewPBs8F39kwR,278
18gS7xQJDA2zgL7Jqi4aG1MXMtQhJVmb1U,279
18giYm9AyeNkH2hUahvfD62ns9zXUxj3rC,280
18ic1RDi1AjZkrqxgDxnsibEFWSvmVRoZ7,281
18mbp4oPrFQYsPFXJpudptPzVyuwLkXMKx,282
18p2otBZ33Ytgk3afUrHsmiPrFLNPiM4G5,283
18pTGoiQ75ABJTqjYYBHaqHVcKsnDkMYQa,284
18qWY9K2eVKwcHV6PfzY6V6mRY1RT5kiUq,285
18rJWTy2wFn3Abo2J1MwgAWQkQtxgnstFY,286
18xph1cecYkJwD81bHSKZ3SrUsPqinU2bA,287
18xzfpkj8cNz8NdmU7eumVjpeDfQSJ1CHR,288
18yWtEA3JgcwbKvVaQboZv1f5Vno5DtywC,289
1917k1LUodPbbjJenczkVaGyJpSj8CqYTC,290
192kkZSRQHrS4dnBoPGgoYB6WeC1HXyYZe,291
192xCo6ULYkbbm84H18Coxzc36j4gLyGn6,292
194QWDkvD9jZSaHtA2ffUEdenwQBiGyBWK,293
194rvrXWiCoMj4uB8oT6nigJdiXsAFyj99,294
197x9cjGHGq9ah4AAwduRbu48J9PLiwcFD,295
19B32mm7b5x6HiBCRVpgQZUswbQ29b9YTo,296
19BDxGyDHdnyCFKEBowWBmupnw2L16xLaD,297
19CAnt15TpQrJ9gjmdZZsLcwRj8E1mkqPP,298
19CkFSEiHB5UVah3fvZD17qk48m82TfAp8,299
19Cyr9njynqZb6myzbwdAaxA6mskceYVpy,300
19FwbePXtwJojkQo7rp4jVgVCTkAqsAUnq,301
19JFpHzaW4pKyeSWUYS6qtoZYyfgSdJDrC,302
19K4cNVYVyNiwZ5xkzjW9ZtMb8XvBS2LkT,303
19P6K24sBGWhT6F6xXE7ppGjJnTjdkiMQS,304
19PFT4oCetuFmCUY4H72Eqgy8XKAVFqmkW,305
19PVrVqTjMaAUXxNZKytffiebVM9U1S9Dy,306
19QKDUJtx9n7Vaga6nX1bVHdsnT4Khfyi6,307
19QiFoYFBf8bo6STnvdCD21ASskDGkpaSQ,308
19RxKcnMuA1BM2aJvEMdR2kGpMzWWZZsgG,309
19SokuYu8wkKVvxjE7fQySJBxA7DvW2cvn,310
19TmydgkVKcuBPrNauXc9XSusG3brEMXxh,311
19X7soRFwUCRX8aUc3NrRZddHgpLmFmpzc,312
19aFevdZpk6pU21zn8cA4J3MtkaSugH8pi,313
19bvvHLojfHiVygojh1iX6gokkL3HNa7Pc,314
19csQY2yX56fGx7DejBvrHdtG2JAPPyndF,315
19d4S14KCEDXi1Xyt9x98feD9SxWPXYYNm,316
19eSBrkZJJTAWYExDHEWjECQYAsqe5GVce,317
19eXuYBBdP4tzjjnrgWi5KBQo5h4Z2fdqd,318
19gsNk9tYsWDHDVuYhqSbinkQB3hbdQFpq,319
19hEejxnZPpzLNGc2BbAmpbkxpjwqhbejy,320
19jBchpr3Hf3QN79kqXY6Pb1Uep3t6vizr,321
19knNYsDH25AsBGhhoaxnmUKrn9WkVMSUi,322
19mRUvwRVueDy7rap4fQDkzz9XUa5rhso1,323
19nXzXNEDP7ssJgCSqXFYYzuAc2CYz2twt,324
19oF5fxNiUDMr7FyZzyZhz9TxDdKGGkqUW,325
19pUYshr9bb7nA5fLbsKfKrFU6tzZHNksJ,326
19qDF4DVaRv86siDoBzXYaWcAbrvPFYZz7,327
19umGdotR99xPZUqJZ6FH5QAxpuBWL2qnP,328
19y4Ghcu9AweFp2UkctMDxwWfKyJciaLVo,329
19yH8Y9qdDps3d3UtvbDPPbHMrCeFHz8qD,330
1A18WA52hdnHgGhgmd7yR6dgtnEhQrLnFJ,331
1A1zP1eP5QGefi2DMPTfTL5SLmv7DivfNa,332
1A2qCHR1sveBGtRztFuEAxnPJ9yc689Crz,333
1A2z5cLAov1zFRxYT1wzH2S2oJHRDjCXwj,334
1ACWHyRM8rtbt96KauPJprnF2qDQSdPJ54,337
1ADTuxdhYePCW9PEvkCKnib6jmbg6mKXdz,336
1ADpf5rHERc2PmVAZZFoH7WbougKvkPDVD,337
1AGBe9x18wpRiRTY7mUY4VwJWeVAR8WNB7,338
1AHL57NfmJT8n8q4AnyoqLiyJHfDBHmtTc,339
1AKQFY7YcDFj4xpGpYQ2GnpyGu1YGyUHcF,340
1AL11Yfw2ZP9C4wGiWf99jwZyTjWWY4JVn,341
1ALXNPRuNtkUHPSKzHek5EsBS373yW4H1E,342
1ALp4qPqGju9gmupfdRwAEyREN38Uqipyv,343
1AQ2m6GH78oLgZYCdueUb4Zjxg1L6BkHZM,344
1AQgsAVd49Tk9kxgsdDRFMwLjyD997p6dJ,345
1AQnZzdZRKGmbDrh55KL1r4C23s8rpS7W8,346
1AQsCqKkX9beBZdjMeQxxoMBNTpPGZkQyZ,347
1AReAE6S7zHydRwJzPA32p5JkmgK4TMaNY,348
1ASLqMDNCacKkLqPi8FzMZqAY3bhw31fu9,349
1ATiXZcTkgnBzDBZ1T1cX3b1fNvAQ7Qmin,350
1AUR9CVmm5wH8xc2EufyDpuA8HEZcSamhY,351
1AUsn9BUs7RaxdPoHuyfDgZ2uQ6kWHRonh,352
1AUyVCU1zU8YcfH8FHeJHREzSsE7ZHqgVN,353
1AXEA54dfVmAhz1AnVB8YnDMBLG1eBgp7S,354
1AXJrJMX3B5B9vd1hRv9w52ns8fAtMNSwM,355
1AZBpyYUSWApQkKqsEDZ9mriWCZMArrgzR,356
1Aa4ZtvmuQp6QuyT4cTSkwMsetm3mKupvz,357
1AbGykgxB1JoYT4mpzgfqyDFkVKja5aU8a,358
1Ad7UKxJFaaEw95Aq5bs1Nkk9xRncsMedy,359
1AdW2E1gCB4teSjdDhx5M6HUbvwdeHJNNg,360
1AeLrEFkpqVGG69octuKxmBuRx8guRgtLQ,361
1AgjGsKSYCsgFnFbkcy6v2Ck57jsYQcHYx,362
1AiBYt8XbsdyPAELFpcSwRpu45eb2bArMf,363
1AiE8NiskCXRovzHdVzAjydQ9V8Dv7Hiy8,364
1Ami8JxY2Yc1FWuQVnWscron1D2PiWxskP,365
1AnHrnD7UbCVwHwWkBYiE9fTpvEnNiitVc,366
1AoWi2xSyQoWuxrYrdr1PPVi5PxA8caNGC,367
1AqC4PhwYf7QAyGBhThcyQCKHJyyyLyAwc,368
1ArDoL42A6ZZdudpogut2NUGcwxhRj42S8,369
1Au9CUwFFpAUeDZQ82tMaHCBeKfW181Xnv,370
1Aw8fisqf2eT2kAHJxv9N8yaoNW1iN4HYz,371
1AxA6X2FSY5NSZzWS25RXA7j6uhTGEZ9eD,372
1B1r9TQDiX2U2boVKToMRjpcYgjvzpkWp7,373
1B1urSvRRSFjupa5THHsF8FNxTarDVexYg,374
1B3gzJRMfzpsTcgxinp7tCP89E4rFhQ6cr,375
1B4HeenWZfzcyHSpHeZGQZtSVUi18wmd2B,376
1B6AeC7Vm7vfQ2EXkDKqS6oCuwMg8QXD5,377
1B74mH4g8X7xwoxVwpLgCSvbd229KVSEqH,378
1B7CyZF8e6TYzhNBSHy8yYuTRJNpMtNChg,379
1BBz9Z15YpELQ4QP5sEKb1SwxkcmPb5TMs,380
1BDvQZjaAJH4ecZ8aL3fYgTi7rnn3o2thE,381
1BEKzoSq5kTRNhL9ezh8KJ5vt2NzigQV2K,382
1BF5nbuKF3UTYCQTpxuH62UA8WJWAqQKo5,383
1BFCFAkFeqp3LY5K5iq19dkcL8Zqe8jUEU,384
1BGnWwafsPsHo11opJGVbJdLADxakwZoAD,921
1BGrykyYrvtKKLoTbqq5wYLHj6jZyNU68R,386
1BGvw4wZ969fncnyG5pZKYFqa5GD9FS9Cm,387
1BHEaAyq1SstBkKm45MVxW5yQn1ZVeDAJe,388
1BHFnnytRmeRUSrXBYMwFBfmmjFJfLq23b,389
1BHP5ctS55e6FR4SqidpdeYEzEfmKCfEz9,390
1BJB7rF8EMZxNKp3sKgBmk8rJt1vAkcauy,391
1BJZGrAk4sNsfdjzi1CkhzszdJ1VdHhnEb,392
1BMLJt3Evpkm6D279N2hSyBzmJvJoJZaJG,393
1BQRxmgPsyWWv6GD64kUDxtNq3K2RGc9KL,394
1BTsxjF9rXtFvUZ2UFditbeUpohGgKCxUt,395
1BUk7k22W5o8TgU9UMPbueGAUZFYXrKFfe,396
1BUmUdjE7WebwnbymwUpKjL8dGir42ysub,397
1BVUWKJFvfnPmi8uG54cFX8JimvXcCKidP,398
1BW18n7MfpU35q4MTBSk8pse3XzQF8XvzT,399
1BW3idasrBsovBWDzauf1yTh6QWK9UUEj5,400
1BYLsU7c8uAeRfrSTHMMjaPCqYfFRodoo5,401
1BYhVn7vuUXfBvaJ73bfjic3tQa9h4jBYm,402
1BaFYHfx5epHmP6akADEnj3vCnZTFRDbQT,403
1BaFZrgNmXYbr1d6Ye6G59bD1Z5uLLoT1G,404
1BgjV8ERwsPWUzq3p8xXLekUixBCeVDo9w,405
1BhfkBeM5SMYFXchjqcre6o72pZyHvhMBo,406
1Bhq4Uz1Cg8vZLWy5uT3X3Ea3XDSNvkvCM,407
1BjQyJZBf1B4DuQNkrLb9Leu985GPpzZRT,408
1Bjrramo5EisLKeUXjw9GcUcfXcVnpi6vK,409
1BmEyUrV8EL92dHwMfCxiMuxYR2VcwyY8E,410
1BnhHuk62o9tPuG5JerexTX3MhnR8sobLm,411
1BoUcd4qeN9CJfdbueKQK4KnVYtVs7RV47,412
1Bq1TLyuvZLvu73eueduUMhBL2QfYDeoNt,413
1Bqp4myRKwUpdLNGEfbkpgTSmWPksuRrJy,414
1Bs54ogGcFTejhoyNwDgJR9x7yRHHnv1JF,415
1Bw7RG9a19SjCNszmXQZhBwe1gEj4Vb2JZ,416
1BwV17G9AyRuPocPeonRTx7VdCAXga43rn,417
1BwWdLV5wbnZvSYfNA8zaEMqEDDjvA99wX,418
1BxUYPaiHVPB3m6ePsD5Kwzfh6q7THzqdP,419
1By25jX8SptxkHFrFJrgbxhuB83C5GGXnc,420
1ByLSV2gLRcuqUmfdYcpPQH8Npm8cccsFg,133
1BzbciDiCbK4Xy7RXgPCdNCruNAU99zykr,422
1C16qVq3kZpfjCXAKvrrppqxNmRcnfbFdu,423
1C1ENNWdkPMyhZ7xTEM4Kwq1FTUifZNCRd,424
1C1QnL6oZqiRmKgaTm8XZbHccwupvJsAwG,425
1C2XQeritz4rkdff9kiUtL9MPUrH3KXkd2,426
1C41aQvrJLmtN4RBhPMFiDPdaBj1b3cv6N,427
1C6ehGeAAPdxt2AVWDw1Xz1Y5gu9wrbkf1,428
1C8eE3ryFJQyg2xaneUPyUYXoWgfBadwSZ,429
1CEKfZS6xqTadHmdfXKELeLCDMmwDkuNMe,430
1CFBdvaiZgZPTZERqnezAtDQJuGHKoHSzg,431
1CFWnwazRxwEVjzMsvseJPbg19VUZYRQto,432
1CFbNioxzQMSyPpobcuLHtu63xMorCJczS,433
1CHhL5EaBekfQVRYyWxYhLsZpbdYjpJE5t,434
1CKdw5GAp7vrh4Je2xRftmsJR2zWqpiGmG,435
1CKpZiWmAKZywrXx2ocrP58NMUnupUhKbG,436
1CLK9m1s3D9Lc2oQprZ3jNdz9ikcdbH6vb,437
1CP1eqtu2hKeA1pyL3tzq8FUV1DACD12Ao,438
1CPMdzmgYGH14QQQxNrnyuPipj3RPUqFTX,439
1CPoDZcupzrLJCPvPovsyQJCgSjgwzHocD,440
1CQrDCsUkuvB5SUa9G2eAc8xqYZeK68x7j,441
1CRVKdW1nJrZSGUfZU6iSXhK1MQqsnjpz3,442
1CRtj3XYXjtmHNw44QLZ63AGEM6SFa6wob,443
1CSBrZFSQdjVZAf1FC8mYwDDXQXYhyU6PC,444
1CSJo2CFEyN7Pzcnzd7JRLv5WUAfZZ1AWB,445
1CShePHoLvn9BKYR1VDuVVC8oUi22vQCxf,446
1CSx3HZR5LDSTJCirk3xZuubJ5wF5c3YdA,447
1CT9huFgxMFveRvzZ7zPPJNoaMm2Fo64VH,448
1CTzd8byMYyLenWoKjWrxV49PXVm3DJqQr,449
1CWB5hcQYX28UPx6TccgPMwPrZjAA1ecQ5,450
1CY5MhHRMwqVDsprEES5AxcMFJFgmDDxab,451
1CYG7y3fukVLdobqgUtbknwWKUZ5p1HVmV,452
1CYqkzUCSCxa2r2wmxmu2xY32y1LxaUEhu,453
1CbDYwNDp5aA5FVmCf2Z95kjkMCgoBr2X8,454
1CbGkbGuvdoZGnywSfq6iV5MBQuaFQZfKb,455
1CbjjM7LDBvmtdvyyZbbb8hp3B8gwUEaio,456
1Cc2FfUZSH8XigKurJWKcq9BGneeN9FZys,457
1Cef65T8Cqi47KJvc4vYkxuZ9ymBxQfhQf,458
1Cev2okbpwDPH3jPoHEWJFdrFCrmfodv9N,459
1CfdUSMhug582a4jWfxYzGg6DAHZWD5R2v,460
1CiLqjv4zRvcXpYT86GsxPvodtsqRgzf4y,461
1CnKmNvgA4aK8LhKiKekNnnHcqeFpwGUbU,462
1CnVM2ASL9wLq1jwf6HyrbWgDdHmuUCAuk,463
1CpKJgZtTj1LRHav9Kaz6rbHdVK7Uu4PHA,464
1CpZmPEGBbH7gUsM1xS31CvaKDE92EiiKg,921
1CrnUia9wfeNFbdwKJNj89YqA6qetvYTTE,466
1CsZEWqUk95GggXg1mvxP6qWv95bCvVaZs,467
1CtABfwubzxuoHacNEZ6FJCBumtTbz71AA,468
1CtV9nooWqR8zYbN3PnetnhmkFEZiCWmCP,469
1CtvNmv9iTMAUE2Uwgg827WKxQnXrrviyk,470
1CvaFM9ArDGerYnfte3JYNgRuawmeMAras,471
1CwTYt6geNuY7JSHZijgSzSqtQLm9xZHNW,472
1CwoMxSXitseAKdNgfaHtzaUB7mUhcrmMp,473
1CwqXoCjLehkgeEQH6Bauv7bDRKZKZBvci,474
1CzyqFwisqXrqXdWtoMhEjLsZd7vib7ZBj,475
1D1FUseiHmbRPDCRvExrBX3C3BtFxGimMz,476
1D1m9EAj1Z1W4otGTc3cx7JtXdjh4GzrDC,477
1D2zWLwXkdgFw5VtcYVtBhZuq5j4qwiRQP,478
1D5rKF5f9ua1N4gPngd6vAd968YKn1zMh7,479
1D7JjEF91gXKM4NdYFTtB4MCyJgfQLDGhe,480
1D8vz9FuQJMG8kEiDQwED1eCbhQFcfzGqB,481
1DCbY2GYVaAMCBpuBNN5GVg3a47pNK1wdi,482
1DCcZbNtttndh6tvoK8xRTB5BUMdfL51aL,483
1DDYqSw7VQmFqv562Ji9gtBzGMHQ2e9ueM,484
1DEwdHYmo8q6AhSHG7UgxEjttNMFdw9e7u,485
1DGgqqQHfwGX28FzenC2DgqX2fzgU99urQ,486
1DJQPkwM2W5QjAHqhst1BCTpmmfRbM79kp,487
1DJkjSqW9cX9XWdU71WX3Aw6s6Mk4C3TtN,488
1DJo4bfp3jWEpg16k6q15B3ohaNhyFPecN,489
1DKufMLSKT2NxzqAokRDLcYrSo44dC3VhB,490
1DKw14Gr3w8rPQV2mHLaami1pzpHy8M1vy,491
1DLSFuLg618BrEW1S84XJ8nVjKz97PkeJX,492
1DLfzP5v2KegZK88rsNj8z1YKSb4VzBfsu,493
1DMGtVnRrgZaji7C9noZS3a1QtoaAN2uRG,494
1DNdPgBZRWjDj1JbVZQEYMv7jvqJF7R4Py,337
1DNvGr6KiGzP3SwXs6jLab139Vd3MthtxW,496
1DQCdPGY1MUFwPdJ2bNziT4RfDFusBddyS,497
1DQTU24Pz1w2Yc8i93DpDgJGiXvT9knDKT,498
1DRSV7wiZJ2aBNt8TxBDaeVSSHPMVNhPU6,499
1DRzyGtGkXYnFz9n9qxnTFbGpYBv4FNmYM,500
1DSmz1bDPfeJo9EqxSux9eiS3r2edD77x1,501
1DU17i5o4Wn4HXDUQ1R6uuNqia7kq7dnoF,502
1DUDsfc23Dv9sPMEk5RsrtfzCw5ofi5sVW,503
1DXDzHsijXajvtWtGrkmJwnpcj8v8p4HUZ,504
1DZTzaBHUDM7T3QvUKBz4qXMRpkg8jsfB5,482
1DayUvccL8WV7zjkn26aC3M4hwGwJFyFw4,506
1DcgZPFErBcASaPqsqyB42dUFjCJEro4A2,507
1DdhxvYwVrnUP4xcWaquUnmZ177HVeUT2L,508
1DecGxfc8DuoLjV75WdNE7BfjVRGE5ACqi,509
1Dk9PekCU6BkLy5pRHfWvSw791BiVdKBXj,510
1DmJE9Z1Teye3JmxhoDUcmnMmubCg8dNtF,511
1DmKBaveG8iQA7nTGpRQ1bf8cJ7zqSMCjJ,512
1DnzNm7QC479kSydvzmgb16X2c5GwRVzs1,513
1DnzR2hfKfTa96WEhYQnmQrDkQvycxkyVn,514
1DobHRwghQkKgLg9ZDSRP5veTyKhJ4xq7h,515
1DpJP16GXSht3hJ5DZDumKcwAFqQQVkffN,516
1DpSDwF12wX5ogkS2HXabT7iWtCkAqJD9k,517
1DsXxztYCB7EC1rqExZAMNrCYpQhpntx9z,518
1Dvaq4cde41Bz5KUKbYEjBhHbZVsvSFgV3,519
1Dw5XyQk2pFDNLQUsc2Eknq5ikQAwfRqsR,520
1DySoY7DB9qku8QYtdgKYkSEVA1JA46Uni,521
1E1dyAGyboVHpJ6txNj1CuDS2axZvMsFVD,522
1E3ENaJ5UiVWHyzHvDa3jpnj1RUaKgdF4T,523
1E3feToXHPKwNcJoNE9ubJRGs9xfAaAphk,524
1E4SxpwA9oDbXrJnhEMZqBANtt7YhybWrz,525
1E5npMTmh9PnBHxCacuqzAZRGEybkxPMAq,526
1E63tqFbevCQ5NRbBN7MkVEcLB7pnXp7Y2,527
1E67u3oHurszFKsRujmCkRi75zPSaAQGRF,528
1E9qEzJ2zEtNZyQEvejK2mTm46AZTKFEiv,529
1EAMErQuzRm4mufKGDEkZzsK9gCvGH5Lmk,530
1EAimSoQVG2DQJDsdyXtE1nFgLn6JDKjLN,531
1EAogPN6gFH9wnVdRz47MwG3W5zC2Qwmgm,532
1EBiADdZtR4oFuoGHXAdjiq582FamcnhgW,533
1EDGDbYZ6stBrKBaTkfRQPX2VrofKP2To1,534
1EDV8iD4cDZbKxZu6UGAPW5i2ytQmR5xoQ,535
1EDym1P2XMxJVuWaEt7BaPL5B9AijhhD4K,536
1EL6T6V1EQwzbL16vGiPz9qiUhVc2U6LfP,537
1ELLM7xHcUC1Z2BnDpGQ2Eg2ZXZeGSDkbU,538
1ELTDVM85P22TdMkK6asC5Sxzywafi1JKL,539
1ELjm88xyqdU5cd5o5JpJuuWbdQfakRaKD,540
1ELmSkQWnqgbBZNzxAZHts3MEYCngqRBeD,337
1ELnjbTsUWVZFp2rwAXPJs6hxdC7wG99i9,542
1ENCjpUcLXdF93hPprqPqPVhkt41cQ8nca,543
1ENzrt6iRvig1cfiEFcbjicLJTDVKtp6bv,544
1EPeRrfFgn8Dm7mbfaFHUNUpD5UnKkeSNQ,545
1ER4Q5AmGRaVFYmNbuRCupVNo7qzUxzk7a,546
1ESheFnrs4MriUZC9PxAJyWZQkgFJFCkBP,547
1EWK8AafznR3NNyYufSz82kpWxyckCvkn9,548
1EX1E9n3bPA1zGKDV5iHY2MnM7n5tDfnfH,549
1EXWUqLpsczWPfBPe3H8GdoUWWgec9d5bX,550
1EYBpXxX6o2p6EyH4ghzNGiVV3yN75C3St,551
1EZ32tKEP5WaNTDWX94ZLfke6H7BjUuYXk,552
1EZVJ3thbXrZLnrQxAzvKSZbTt42Kx3mtV,553
1Egh7BHenjF87qnqkuNn2ncjbUfXzLbEv4,554
1EgsjUzDP1C2G3JTMLcC9qX6N6JNDoKDPt,555
1Eh5uzudQHv36rifNsNjsgYASWfnVSwayb,556
1EiMGeZVJ9f3Zuokp4KWj3PQuowZgQXUeM,557
1En2fxX9JAdnY7DGBH38Zu6F4Pkji9tESf,558
1Eof6XM7AKnBdpTt3c92sVb1LaLqH3cnqC,559
1EpKBvfZa3W6e4o56B5NQdckzZHM34RfgJ,560
1Epacyf9C2HhDqYQ4iRBCrfqLn3W3176SC,561
1EqKNuaKJ8jroxEzZQQjyykrqtJ2x42VNh,562
1EvRbs7Fc6R6V8LsnoD3Ntng9vWfmreeRT,563
1EwdBbkmzxZ6zroa29CHCFtp46PfPXqhjX,564
1ExG3uFvQJ12uXotnp78enyMZbfEizWzRn,565
1Ey26CSiK5jJD8XVWNw1zJiyQJRvXw9Ysd,566
1EyMPjJS5cxYmX96tED27Pnea3DV4p7AWN,567
1F1SyLL7e4We7f6Ky4zSCuXasAm2JCLJsq,568
1F22VKzwQWf2LoSziz78Zc5e7owfrHDRCy,569
1F69kZBVERfCmMzj8MvXm8U8p27isphqtY,570
1F7RYd4KM2AesmFx83JYgLKibYrfxcWYaV,571
1F7rXV2j92X7ZjRRW769bGa2XjmogTxoc,572
1F8Jvj2ikp8yrhfbubkjySJb5YEzeNU6R5,573
1FBe6tz5oFearpKpxJVizHMj4PhUd8YSVE,574
1FCBGPmnrMSYaphEEtXTVpNcfjsNSTDNmy,575
1FDMwEo8qNa9icVcooBUoGvA6NriePtJJ3,576
1FE1efLG7YZpJVrpvaEf96zWof9LG6trKk,577
1FERXfs9RYGhhLe2yBsSqYfSqtmUEBUSTc,578
1FF2ioStNnfFw4K5ijHMQevhZsfKy4jyP6,579
1FFEtukmcb23HaeAFHXc5tWEQxJrJcFVoK,580
1FJSv6DUSBmo1s5im1c5j84igbYgQwzvFp,581
1FLtWAxjubjMwZUTvjXbJWAzR5DTHeqNY5,582
1FNBav7Cwzr1qh53MjHR9kDDyrpi3qLZMJ,583
1FNq7z71WgKx8phKZqedeJJQgorhnohrxx,584
1FRpLBkcY4impRBntxLDKM28n7R1crFdhT,585
1FUgiNk7jjSeNaA3KCoYmdXdhcd7CWrjGh,586
1FVJ9qoD9di6cXXi47SUsNN18SLzYMaunP,587
1FWcb8Ddw3BXearNaWugikvEfK7gViRde7,588
1FZESJAr29Cqb3dvGYdi8CRbcQF9hZBv9c,589
1FZfMb57dyAe5DmVaG8tbK6fTNZ998JdvW,590
1FZooLsa7YyoSY8NUw1SDam7ZN6GghbJ76,591
1FaUNstQc4FUena9XodmbfHgoMD9yKpT4d,592
1FbGcXCL6aVU5KpVmUKAmr9Eipmy6dra5r,593
1FbaHimqo6FAQbyrnUjiMutgwpocLDw4bS,594
1FbxJu9Honm2jkE4iFrjxQMqLXutXF9cpV,595
1Fdby4yp1iUnf8biiVAE14X4XKV6ZKzReR,596
1FdgjwkXbQc1gpHjpHyZNY85vdyQyFfBbg,597
1FeGetWU2tR2QSrxnpRwHGXGcxzhN6zQza,598
1FhKNo8JmNrPKnqJv5rTFMrw98H7soXTXu,599
1Fi7o3BKMcT82NVtnMRNqsj8aE5CWbAo4z,600
1FjA2SSx4xu4q33GgsRnuezZEQVsMH3kg9,601
1FmLy39wYNs2XwcLxRAVhQFm15smygrL2V,602
1FnbdYntfohuZ1EhZ7f9oiT2R5sDsZBohL,603
1FoSUq8JhYC1f8AhD53XYgqdDGTr44KNHT,604
1FowJFNmVX1mp8P81cvm6HK4Y7tsPyTcRF,605
1FqZ84KUqEE7qJVRRTauLXYRjt1JfyPo71,606
1Fr33GRhy7zN8eXkWDf31icUBRUmoicnJz,607
1Fr947YZyEWZd2JPcvDJbsYN6Po5gXRyau,608
1Fv8jd8zWScnY2kJWC55VhwYhCv6C1wiqk,609
1FvzCLoTPGANNjWoUo6jUGuAG3wg1w4YjR,610
1FxEr98WpyobbhxXRKWH4zTZACSkaT9E7o,611
1FxzeKonRrReGe3biYuRp3j99Lv8cxRzx7,612
1FyiELmwtmD2mrN6hRzw6P76zLg3WJoCwB,613
1Fz1PZ4m2PykPasegmG3oWNXTu837Buu8T,614
1FzsCEkmp3WRzEHhGSsuhhpkSDuhdbq9hz,615
1FzynMZV2XgJWPXbbYmQm95QiGNfwqV4z,616
1G3NQmRCkEq2pwphofF1R7ewtHksEQ8ptf,617
1G43MvhzCqRz1ctsQUmgU4LgLuSVdfU557,618
1G582FH1b5NFScavscH8UgMki683NpTTa6,619
1G5Fa6WPTmeCZ8Z4o5sbCGR5NNAYsb1m2o,620
1G5Gp7b1u5cTN5xjypETNpmCTpbDdoXJMA,621
1G5y6irNL5SYNhDv7Q7zybKco5nbUNrFHn,622
1G6RMmurphMJg6wyobQSzC2az9zZ3VipXE,623
1GA2QHegUApHZarxwdBmASgghV4NxKm44g,624
1GATC7q2UsLkEreULrnTQNzPoFTVeEHjTf,625
1GB9LgiyE6Upg2qbVGy2phKfgVZB681WhC,626
1GEhNKRWcePnKDhAieuAAcW6FkwDNZqKX7,627
1GFecY3imCXRrEKaR1CwVabKr2RQ8hopSU,628
1GFoQ9wGSgRkE2NYNnmyTufJUbPdKTuqcU,629
1GGWbaXJskxYasdVTvLJsUDD6s99uBDkGr,630
1GHH9T1zinmfy8VqYcSuZP7qtCkGSPR44V,631
1GJ1k9vGtZk4dWWJMVGHKjNSu5frVatZ3P,632
1GJ8nuLwfMiDh7cfbHDjCAc7fEkurEeu6G,633
1GL6i1ty44RnERgqYLKS1CrnhrahW4JhQZ,634
1GPhCZpM72YrpkZVqQECpT6eKprKFEwkSH,635
1GPrHBrbFjzGVTwA4P4y5QnaDhd3GCYU5x,636
1GRfT1z1QutKirTVhMHbbpMgxUrxNejTv6,637
1GSDEcBnVmBmxQHF1R8tDE7a9UL3rZ9po4,638
1GT4RxAFPJFWVixeirmjARStHwfhwwfjc7,639
1GXheusMrRbndHuPLFMu8PHd6QYN6yBYy7,640
1GYrCWTvtWzRJrTxGSAm4hpyFq6KG3Lm4K,641
1GZczj6uyZ1gyipBrNpN66cVvXnSbnESsH,642
1GciAZF9X4HWfwXpTvJWLxrjEDWsLJcZ5J,643
1Gg5WVQsrfk8L9uMpmtsFqW7NoS2ZpoKPs,644
1Gi2GE1zmL9oh44kfDgBsSVrAfH4yifJzT,645
1GkQmKAmHtNfnD3LHhTkewJxKHVSta4m2a,646
1GnNi66LXhirV5st2YL7ttfMaYHyLgAvpW,647
1GnYgH4V4kHdYEdHwAczRHXwqxdY7xars1,648
1Go27SzmXaedChNgyUYgPREn8Q7Cp7qqzq,649
1GooGzwwk4ZHsUCV2XnFKiyxSRqVNNSsZZ,650
1GpHVwFv8Qnxov68HxZwdfvMDtEaYucGcR,651
1GquniFprXVGm5zN13VMa9reyGsnpjQh52,652
1GtYSwPDrcKZp8GH3HaYMEtkMeK9EptsyF,653
1GwH55QhMxcrwZPWz4Akp3tcK6vxeqg2uH,654
1GwVQQemy2L53JHK18Me3s1vX8AhWCNpMD,655
1Gx9f19Vzm7hdcZwf36iYdKhR57voQU3j1,656
1GxmPv6ojoDmxucsYKL3Hra4Nu7CqxQNmW,657
1GyW1PDNEMuT5QgiiyKGSZeS43yWcfju71,658
1GyeTSnLLJGjMEwTtbKAyKszt9K4iUuYjH,659
1GzuqD4Lc1ShZ2NSSRJk2cDhfsdNx1iZzR,660
1H1kce9jmgkGTfQRpxtyjdPwq9n8SdC4ag,661
1H1oY6WiGDs8QAzDRPzJJSp5QcXYZz9seK,662
1H2nuVj2EnEVoYSw3opGjVxJdDqnehiYWN,663
1H35hhf8qtC2wVeNEWZcEwVnV8SHpY9QAJ,664
1H3bAkRohuVeJrJ8zyViop4rW4v1JN2Ee9,665
1H3i2DL3rDKWsbTSqXHDU3YkeDT5TGP3cy,666
1H44ka896uxwe3mf4m4mntEuZ11F8HA62J,667
1H4McnfH2geBkGx7dZaG2wyFV2XLtBPRcY,668
1H4Urq49poTRfszssMDT12dMnoDxSBEs7e,669
1H4tA2CMhCQoVUMGvHSgnGZRCzHwfz6ogq,670
1H5BMx61bxfseTU9jUPZgit5B9D3AVviX5,671
1H5canZg3AwU44Fe65HG2siti9mFJnkc8,672
1H5eAaBYa5dK2TTnPpnBk591hF8WxjWqtL,673
1H79k9G7Fcy9NYn62cswr5h1VJPaygs6Gw,674
1H8xEqy87JznjoKakuyJqv5VBeBuW5Wkrx,675
1H9AWe2V3gm1tiQo4eHv1MKA5dDPSWfE29,676
1HArN1vwJ1dy8Xv8LqhZJcp63Fwd9f4V2N,677
1HBqzqCy5MeLsPx8FhW6BRqRKmj4zRUiuk,678
1HCeeU957J4NTXDer2fGvDsb7mVjU9TtLb,679
1HEAbvGxX3yULUtoMtb222msWSVbQxZrR8,680
1HF6wV9QNKKdhcW4gUwKDdf4P7v2d3AzZ9,681
1HFNKoyEhhLU5SPkeEbHvPZaQ434YUHr7Y,682
1HFtrEq1YGKxFKdq5nKyd7xm6NrAKcT7zf,683
1HG3byV85t3wiZ4uazZJvntRQT2Rmw4rbm,684
1HH9PTNWrdsprWfEAyCYHmsnwYctqvcKmV,685
1HHy4MQSp2x6A9xxqZVd6X7613PX5NUMT1,686
1HKqNPMm1yjNb2YaAuTG8VcQ3hUCfgCPob,687
1HL3xqCGJwCcME5wgjz1NJLj5o79zp3W7y,688
1HLoD9E4SDFFPDiYfNYnkBLQ85Y51J3Zb1,689
1HMvTfyWMdJ6rP2LjQ92tPL6Qmt53fBScr,690
1HN8RhmyTQYm47ni4pFMhcGFU9Kzq53G3q,691
1HPgEWbEzFC6FWbcEJtasvZBaW5YTdmfMC,692
1HRGtCwm8vxA3GUobDLDGo7Wya6FXhwuDe,693
1HRRURSfxj8NntfzcPT4ajz7uBefLuwLmB,694
1HRmFHUMtQdSr4y8kmq9o2ndVueuXGsF2G,695
1HU7pYWxWVzJ2zEer58ASTyWXQmQymTWRM,696
1HWP2q1RjpRbjm2K5ZPFnnfbnpNjN7XJWj,697
1HYcRWMoyTDmGXRpq6svaoCURsDhYB8Y1s,698
1HZKjpAYdaiXvCV3b6mXExrhPd3djzDWM,699
1HcDFx1QWiJYRZ7879NZcBzYLxs5cvU4Ty,700
1HcXn87cPhmspgBPw4hN6tzELshYMxRuE1,701
1HgeuTkMfQ3xh6hPo9ZZKvHom8AAXdfA4X,702
1HjE5zRg4eYm7jCHB9oSH5WbyZdH1GE2Ns,703
1HkNu2cAvgrpg6evAg7KDTo5n7magkMMXh,704
1HkyEYcXKidgRcuNTJRY8hiV3AwZnzpJDY,705
1HmE3DjnRmJBxPvXSAZ6UZ5d2rYkxakKh9,706
1HnKDtdn1Q7qLh8rC722c5af6RhSsnHbSE,707
1Hr9AYxjsDUTuq8d1c6tCbVpYWBCvHUupm,708
1HtK4PhN2ctqUa4qxnThHNcwfZUH2PtgQA,709
1HtKKEB428rBJxQ6pGMusuGH6SxVjruydf,710
1HuNwnDbDbmoYvjz6nwC9U4kwBneFE5ksP,711
1Hv998se6C8syWwyULoetXPp6t6XYTmuZg,712
1HwmP33SaknLYShXfjVU8KmVThU3JiuVgH,713
1J2doT6ThmVDRGqzw2cY9jpqpQRXHPJjaL,714
1J58xY6MTsp5r9CwWqVsq8syqxiZxJBAKm,715
1J5CHhZr7YuSCK2TpSHnbfo3vc9ER8tazA,716
1J6PYEzr4CUoGbnXrELyHszoTSz3wCsCaj,717
1J6ZuXdHGVCTGUBrB2xSqwL6Y8ew464Yfy,718
1J6kVzGhpB3pyv6uG5vjGefLvaK3BbzFs1,719
1J9HkGKPDd7ek9DA1V4NDEma1F1h7vHi8u,720
1J9Wdx5F57jgNYSw7vaP3oCMWHnjaD3MEq,721
1J9qECCZUvSQ4HEpNxupr1wBkBKuZfKNe2,722
1JB1XBzjLitVPQ8QVU5wzjPwsPUBneynWX,723
1JBWiEsDqXSaK2pb6n4VJUbkNpRsh4yqpL,724
1JCNTEzhK5J8dPhhsnarS3UeQe7rxgmZig,725
1JDtiTXT4RSPt1kKmzxCWXnxxzhPRzpe2R,726
1JEYqqKTyFCVNrjNcj72v4csBH613puAVX,727
1JFbeQ4Bf8spHq8gYWznsv7Ut83kjrVTLn,728
1JHyW9ZPPdx3s8U5mJFd61tD4WpexKPoZh,729
1JJF5kWv1qyxghvmacSfUafJGMGZ93vA2N,730
1JJbYrEQmkFnhqYPKxDDQSRgiXmfGAHGSf,731
1JKb22MuD4BhZMru2jpdpy8iRATyEDpy33,732
1JNWvsrDf8mdH82Y7xp8yACDfm6TpVwZeM,733
1JRiK5gbEjTEAdFU2kYoQJRCMZgVCQgbpQ,734
1JSW4QekxPokWWU4hcRwrheZbZKSkFz9oc,735
1JV9ZQX6cCd4YrUtHHQm9iDL6cMxP3oQ3J,736
1JXLFv719ec3bzTXaSq7vqRFS634LErtJu,737
1JYzcC3FH4LLoZrFsDmhNUZDSqTNua63Gm,738
1JaeaW6tASuSdhUshq3DY3YPzKsW8rCAdo,739
1JbemV2BeHcgmTCLdWPJpvryUCLN42j2JT,740
1Jd2omwPAZq3egSS8HsxFMxhWmKdonG9Lz,741
1JfbZRwdDHKZmuiZgYArJZhcuuzuw2HuMu,742
1Jfe1uxiuxq6zxeaSnSZGA9CjAh8zrDZCU,743
1JgpRwCt8rm29g3y4FkVKWWck8qEeKgfZv,744
1Jhk2DHosaaZx1E4CbnTGcKM7FC88YHYv9,745
1JhxuRHf7FiJYb8Ymc9czohwm9cJn2WaQW,746
1JingMEuxD82dNutej9AdUAFQVeAH9nEm8,747
1JjyaJhj7gM1BDPjkKvNPp6zGQodneSRzW,748
1Jq943wZrTVVuBztgxZ1Xd3NCyKXzPTPmX,749
1JrHnX1BKH7dBLJVm1YqnCaGpsUXD7y6Co,750
1JxgVi59npkWPPU57Kr9MAb5uwhWj6Gp6w,751
1Jyuc5xSiQkiksj7uiqtnV7w2EuuMdaHBp,752
1K2UaAY9jfz7wUxadbD3ivBLGqrcF4ai8M,753
1K4WHif9Dafk4hP3cgYfYLdJf2ZckDVCh4,754
1K4n9S8dQbe8Qoe21rdaZmPrG7ZFVhi8nm,755
1KAD5EnzzLtrSo2Da2G4zzD7uZrjk8zRAv,482
1KB23eADRYbTWdTfVNSC5E14cpUpvyWUpg,757
1KCM12Sh95SZVUUqB1FStBdDoqTjW3vaap,758
1KDnp5D9sEUNGFY2z4JiKhwfbm7zqYp4Bz,759
1KFiC86ok4gRBB2JztbsSRoPjuhJJ9GY89,760
1KGpr9uoKPKNCmvFWstQYitBmgbX1uXshC,761
1KMYVBvfMAUZH4gpRknxvKxbqATMAfuu4x,762
1KPMxxukYJWPfzcyykKgN1etRBhwxLrLki,763
1KQ8TavuU8zTg6WJYTxQ3Surk2v9kSGgJi,764
1KSHc1tmsUhS9f1TD6RHR8Kmwg9Zv8WhCt,765
1KXPk7yJ1sueX2RaN8RAMYUzFVhM5FgDMu,766
1KY4KrZWU5BYddeTuGTyWCJV34quoyPZUY,767
1KZXdVqEtWUpq1BRb1S69kfgszLbn8t1vt,768
1KasxLaoYr3JCnZmesrhYGuVxv6vTHQu2d,769
1Kc4RPywLu8bK7JvTQJY1MWHo1S4jqQfzM,770
1KeKbw9x6urEdT8MTAqbepwVg1Z6esxM5e,771
1KfH6XzoKSXrUBXuxbC3KTtPzoWxdkEEgu,772
1Kh79GzegqX82eX7mffCZbhJAJF8TLZQPW,773
1KiK3n1ZaxoqyowdFAuZGh6z7M2B7VcY2X,774
1Kj7zDjmTcjadztrU1LWT1erGuyToScwex,775
1Kjr7yzPLVWFg4nCP7ef1dHKi4C14yZ9uH,776
1KmbQCNdfCDkEB6yWw5iLjBTGJ5MYptqAL,777
1Kn9FZNVtKs1SGGqa3jnq6zdnopXHhTmpQ,778
1KrtHQVV25GcDXU9G3yaTeynFGXBSPu8yB,779
1KsYkCquJGy8nofXCRSmKWyLzeSqUogDXy,780
1KtYxeAG2n6p5LqksxbK9QHUFAPSH4B84m,781
1KtbSCLMna1guMWPjMyQwXNsGdi94rJJAk,782
1Ktq4ujHAwk8Utk1AGzCCq2aFBRbdkMeh7,783
1KuX1qeF7qimFiurBDxQUktAgNE3qNA8zx,784
1KudEnDg6gcb2Qxiz9PWFzxqdgrcDVWA4Y,785
1Kue28aHwoB9dUEfnpWENwUYwtsPViZ7fq,786
1KvPSnCYQQeKDiyxZ1uD5MuFBWk1u1G4zv,787
1Kx5jZqcrc5xoYxz1CnWMNQSKK7GfSBNC5,788
1Ky8dP7oR1cBeg1MzkrgHAeHAHyn92DCar,789
1KyKGQGUc9N4KrZUzhA8ww7AoeukhneUgN,790
1KyUEsMMKw6MNW8RZKehJpyKNyS8ZmXerX,791
1Kz7UyXbgSxL83hN8jArHqQcE1obqsK1B4,792
1KzvBTUbdwNBXiTkzr1msFUtPf7Vu2zLiu,793
1L39eXNVz2WYrj4VBCkiwUafffs7rQ3gxq,794
1L43UKxQdX1MtzAwr9k9JaFwLjrCWYNz2u,795
1L5Af2xjnA4aM1x3RtZza7e4jRL6ejE9n8,796
1L5L9Do6BQDg9VEREhhCzQvumJ6Nrk5jEB,797
1L6yp2BegnXYnHCxm2CutMjrzHzDRmFEcT,798
1L8g5GwyPgyek92DD1ebkFQ7QAcEP1k182,799
1L9kYwPr6SWvp8zsxvJARHt4UUVk51WQcf,800
1LEWwJkDj8xriE87ALzQYcHjTmD8aqDj1f,801
1LH3y6VPnF1KcPhxLSJ3eJ3NHvXWSaysAr,802
1LH4HM3m9K53kpZ8w3sPeEYmMd6z1z6DhG,803
1LHieg5bQLrsMA5cGoFsbtcRuUdYEWLhkx,804
1LHtUhAWepPKCCuJVnrRC3vrBsC8raVLFT,805
1LJGRuqGmMp3vjhJQpuRgFTnd7h7v5yDLp,806
1LKriCmDaBz4SfCoDjcjR1b9CmQTHibCcr,807
1LNKBdzwXmisa67qtYCofsZWwgZW2wewmn,808
1LNQBmtWLwwsRS3efnjHQNT617wjrJb9wg,809
1LNV5xnjneJwXc6jN8X2co586gjiSz6asS,810
1LPBetDzQ3cYwqQepg4teFwR7FnR1TkMCM,811
1LPTq6DKLLTcqm2mYY5s5HdcWrJmuNZvhd,812
1LQZn83Uo13UXXvvTWvwE93wgdE4uKSdAU,813
1LQnVbdfsDFK9WNQBL64yAZ84nVHvYjVP6,814
1LSK2gVchVrFCqHiJ93fhq5WF1UZRqVVbo,815
1LTLwGgVR4ey139PezChWfFWbZnGVCEmym,816
1LTrdDgoDBbR9vNnZThySd22LqBhfM5czQ,817
1LU2SdeHZvmy9YChmFMXymwcGNk9HZFgGD,818
1LVcDpgziv9d6hXKF9ncYveDdQWb1j88m8,819
1LWVS3vYAwLFk4UqFwFDNcECEDKvMTnBZV,820
1LWsDG5tyyRrKg7a8YvmACD34ovxX514aA,821
1LZ2Equmc5kKuC7wmh9QxyyNXpJ4mcpVUs,822
1LZaCLKvN2XAc6K9vkDAbA8XZitRo97yuu,823
1LZaMRQVdtHnrSGBVqdeaB1QfAdqFkXxoD,824
1LcKE8oCKP668wukHAvTYyGWtFXA3RPard,825
1LdhVtZifPXE5TwFNCiEGsWWYoK6WG7VMW,826
1LfjLrBDYyPbvGMiD9jURxyAupdYujsBdK,337
1Lh4fvU1NAEdZTuTqoe4c3cPMv3sgkFWbM,828
1LjsyzV318tptLPUNfs6w2jUi6niFXLJuE,829
1Lonp1EhnR5t4iUc4ZUsqnBsDfvHbC6FJ5,830
1LtEkbFPkXouhn9uUyYbaGwUEF4AUazuR5,831
1LvoT1k6zyAgnaywhQ3D86gHLoFyok2VuP,832
1Lx9PbLowBtAzMWttPuXhMA5dJzJsvaXMh,833
1Lyr6LaJTG6n9r5imdH4gELxkzJsbQxhAu,834
1LzBzVqEeuQyjD2mRWHes3dgWrT9titxvq,835
1M25afExu5qjfC5gaeAhjfzNnDDLG5XaBy,836
1M26CMgofgWJva25H1ZVBLp9Ego8oAmDd8,837
1M2mT95u45mmzUZNZXgLdCaY5yDKyWfQsn,838
1M4j38q9tjybiGXmpyusvvHsP5RaFqFhem,839
1M6M6suG2YbBbC2hZHmd3YYt1PUPLPhGET,840
1M6RsA3psmUipySiCfZ8f9baoDedMZtNXT,841
1M74zVETVNfwptDmr8B4e9ZQ8dzFrBoGkW,842
1M7U7kbW9CY7znW6sSRzycgPCxr5LkJy2r,843
1M7kUuZDyHT5opZr789ybEES6Nyqxxyk6T,844
1M8faTEbhwPRdRnZmApMtmYkcwMGPbZgb6,845
1MACkyJGa8CvXVTdXuaW9i8Snwg7ZjMAJk,846
1MAZQ1HJ1FGjUgoanTN4gj2DXzwKcPqbq5,847
1MBTMZxy2g1shi2Sx37AwGpo6o5if7iq5F,848
1MBvf6WPKwekXLRxsjjudqUXWJDYUy4qzB,849
1MDDHENF1xDvN2C1a2HzvC3nuthsjXyLjL,850
1MEcWn2yPjsCuu3xSQa68c2oosGZDpzHjT,851
1MF2sw6Zan5p4ViuGdxRoNr48M5rFvHkqn,852
1MF8v5JG6NnE41i5g8iZSHCoYHijmQ94ek,853
1MJFHWKEZhTJkvw7Jygf9PnaSZRDdD8HLV,854
1MJFnSgg18bF5Z83w6LyEH8txVSbDMEtkb,855
1MKRkcXG7cUb83EGNjK5TSHcKgVjVMTou5,856
1ML9hbUcWvoBgMJi6SzMiseq4xG281Ub3y,857
1MMFzwh3r5fxNwpTZvm6iZReX7RUwZxnaY,858
1MNHWu6JeCrtFyjEPcR6bJSrfQ3kJ3Hyin,859
1MT2FEY48nq9qRcEQs43KKCbiZw1HNJg58,860
1MTKWKTfG1Gxc1sH955eob7kp5cQ3CcexB,861
1MUuVeuS6DDS5QKR2BNZ9fipXCEsFujaMH,862
1MVXEbi7xErjRaszVDwycUbeR8dYBVNKnE,863
1MWsRH8mA36a4LqzvbqEJi4et2HVcDkKyK,864
1MXBQDME7F5wpi64C5fsy2uV741R4VXSwL,865
1MYZRzR6rbrM1MsJvytWK8DNeAeMCaj3DZ,866
1MZLpEGNerHXCr6qhSjjwDm3ejaFuVAvVX,867
1Mar5RmTWn6Hh7L2NvaCUQ28t56wvm1h2w,868
1Mc9irBdXAWdLg1DyHrPQkZRH9pWxtwNKz,869
1Mdioqy6kR75YvHhf7eqhTsRxoYfQfhbgn,870
1MeYKCPYiMbA9CD1moK2RE7Pb47mgK2grD,871
1MgAgG2DRrEzFp4zTkxCwWDyz4QhvCV8WQ,872
1Miuw7ifaTYY5qrzKYFcTDiojSFxRfAqwP,259
1MmbqTi2r6rrsGy2QdNAbYmAFrcoMjkVXd,874
1MoroUCvEtQNWhvhhWfRPZ5jK4aPVq1tGf,875
1MqArsr33cxhnpYdsjJApjui1BhnzAwihX,876
1MqispkLBvCEwxq2dwzXdgMR97v8VJjYUH,877
1MtMCEV9DNwk1Zb212eC4rPATbhg7hWhwU,878
1MxQgXvgUuSj7ScRwuJ3p4t9rstnd3NqFv,879
1MxcQs2cmmwYV4DenJVN8FXuQfkEbmU4GK,880
1MycUHutP9zPJsCqhVAWDmj4rbhKvtYE11,881
1MyyB8owJfx7GhAiS8oK2VLgjARjpX6dvR,882
1Mzp1twTdSXZYDGz2srrLpvQZvdxUPaCco,883
1N1KmgSEYNshhFRjf2iheMJ4WMCLyje21U,884
1N23n2gPSfXCT3945sV2sxvBJz5fePWeqd,885
1N24Lobvo9BN4iGrm4SRhCUwpwd273dSfq,886
1N8Q8bSJPLkoZUkdREsQA1dGsHTPrQ9X3j,887
1N8SwzBqNQccJQBMsVe5ukvSVhf6vxHVSm,888
1NCjd9VqpPrVvu4CvM6wjLqxidVGKx9E8S,889
1NEAg9cRUBUmTV8FG5ed33nPiXwEKaCxra,890
1NFvr69GyzW3GLGdsNKZ8vW5yRa5Ndy8D,891
1NG1yMNjJLPnjsXAa7rpQZhCbmM8UUN5mo,892
1NG4uecvtRyRx9eWxUaw6PVLPKMfDE7nz4,893
1NG8HpU6By7H65YpQdyjCm4uKbRn64QYwJ,894
1NGoEojNPxaecxfcY5Dsj5S6fMhuWcsJRL,895
1NHHWnZKTetjZZfAbVjTS9EHQafdH6xn8a,896
1NHVxANujgiDvPxNLQ1cc5B8AEisnx2Yz6,897
1NKZDouK9X3Uwa2vQbtt4WDnG2NUpMqSG3,898
1NLNkBF9rNTKd4efsS71rKKwnmdDqWMA17,899
1NMe3EmPxBA5xFqGRZtwqoA3UnRNfxG1ri,900
1NSXoRoP8g2uGzUB8YjUKC9uC5ZWP5TH4i,901
1NT9PgQjMb6d7QjgQJKq5RmmJujEnStT6A,902
1NY3Pr8EYgy74K5DwQCYkKsE4dYNeiGUGg,903
1NZA1LZDbyeE9qdHWeJnN5DN7ZDJShsssU,904
1NZn95i6Tr5ud8ryyWuK1Up1E9rkGgJwkk,905
1NZz1UN616LfyX87zGRnVifiWRSN5xm9ht,906
1Na4jEErZ6ewssMLFa9JCE8SC8B3kcd1vJ,907
1NeBSpCzbNML5EZDBAgwT1BQQtMRe1c2Ui,908
1NeWN6iQFoqHUoPUMYFEP3zNzXde93eTGr,909
1NhKHV33D9eUSxru9aHz6TXF7MYJRiibLk,910
1NijuGt6TXMXy89orQVrvbXkA43wmj45oL,911
1NkWQn9LdDbXmbpn3a711h52ocg7DW7hNW,912
1NkbANEoqQDigiuDNWBW1DeELht6MrtZvz,913
1NnYa2jL24hLgXBbk3TAXHANUQEzXNnSHg,914
1NoymUA8XQPgVXLGAYpTTMGtNcbgobgMPA,915
1NqWdUe4vTjMkFPUFHkpNvq864WhCv5pqc,916
1NsA4Q8K6QPe6E5EobvBxf4BaMZ2fwVZFq,917
1Nsyx1KBDfTCczg2LmXu2HagyfewQkSPH9,918
1NtqVpiCRWACGEgw8KJzF29sDC9t9nWXiw,919
1Ny3i36MmcTpyMk4zHzauN1kQTMgVpNxzR,920
1NyD2gM5qcGCRKmuJK7gUUqcQMrUFQRZQz,921
1Nyeey2zgSV1bSTFca6zon7z1raoMuHqeZ,922
1NztLoxxLK5vo8ooVzZDsivQww6XYDL8Gy,923
1P288r1CHfCRcHh4hqKzrYP2dohbGHmCLk,924
1P8BjGr7JG8zfDTZBE4Kat2KthsDJ9xg5e,925
1P8kXAU4m9esup5cAbkwSJvZ6PohDR4dyW,926
1P8pSG7v3dQ8DSj42tUeUP9RQX7u52jCSh,927
1P9JXnCX3wzHXgHtpPgkAg2DX25e3HTkEk,928
1P9VmZogiic8d5ZUVZofrdtzXgtpbG9fop,929
1PA4XBfKLjACMQUUupBEDzwhSsLRKriAkr,930
1PAL9ZNuwAcufS8xSnGMCpQqECFF9g9QN1,931
1PAVEHuQDUkRMrZ6CocM3gR5ZJtvR6ToNA,932
1PD7u8S27HS3PcY6ZKAM897RQLK5rx87wq,933
1PELCFMj1gLPYPerRUG8Jo4tdqgaVuzHfp,934
1PEsXxy7kVSPL3Sqw9q4HPkbM368tGTYcx,935
1PGiWY4brebc1rt7UdYpKh7DFG97SkAEwR,936
1PHB5i7JMEZCKvcjYSQXPbi5oSK8DoJucS,937
1PHG1AoZJ5yyg6MV2fkqYCuDDik2NTfzfm,938
1PLPuVjBWd9DWRaVDzFURMSkZmzqCjGedL,939
1PLgv319qXvnmiCAL3pH1dydVQSwrr2F5W,940
1PMJkhAaREDfNct8QjGqrRMbqrPjTWzizq,941
1PN2MiaGhnR65x41pbUWbsfCB62hqG8KSG,942
1PNF7mJ2VrgZCMSfUjiWxDteNBHEm15kMg,943
1PPgaWVgmFsiNPEpHjrYpCqfGrdjbSWxsC,944
1PQhPpysTvkYRpjpHL48KuQTRW7yS2k9Hx,945
1PQjPXAtSZfUiiQeD4nafQ7HKx7J1kYQ4J,946
1PSPvNhG2pTjN15x2DzZZWs2UG53AVNdQi,947
1PSSGeFHDnKNxiEyFrD1wcEaHr9hrQDDWc,948
1PSTHxT4nCvJ7bkhhwNDggpFNVRLTVRk2V,949
1PTHfZrvmzaAMJDfV6hqs5YpSESjvg6mwJ,950
1PWPk2buWhozxYUE3vnb7MnobjCMkEmagU,951
1PXUqyhwwUABEN2z2AyJo9Kej33AF8LvxW,952
1PXzjjq2kW93okB2G4DaHKTZg5YBNNrpaf,953
1PYELM7jXHy5HhatbXGXfRpGrgMMxmpobu,954
1PZnnfPq3EpcGZZyiX8WCbEhm9amzpjTYr,955
1PcHZoLxUUjh5LmqNjFWD6UgySjzaJv96d,956
1PcTVf4rWu6WAiDybtUERfUhKrNiY5QbVu,957
1PcxeABFjfBAUvFXatm5yP6S6e9uGkrASw,958
1PdFaLjq38qFWsFqkvUfG7JwBfnsuxLsL6,959
1PdNEdE4zCpMw7ZJx5xyTmSfXCBvSV1gd2,960
1PeWcJrkpHMnUs3t5GvuwcHh1oBHYNoDwG,961
1Pi8agZKamjLJxfeGRUpGWGQimb8N21Hig,962
1PiUvgZKNzgjf4NHuyyQGGk5EeJSjLt3Bc,963
1PjPzeprKwrT25AMGEEKWirpbZupk1aHSo,964
1Pk9rU6g8uW1ju1e3vihitv9ub2CZCJ3zP,965
1PmhUgoVLtTgdcvfi1cwwSTvPvFC67bCQs,966
1PmxdAq9UdYqB8TL45asUeV4PxTLiTuNiw,967
1Po1S45pJZKJTsBgzRU8jdGgL3rp1skGM6,968
1Po1b27dVXkmyQdKXk5AvHUzdgEk5MvMvC,969
1PonKTKjsFUkUm7RwxejxPtzcX9M3YzQY4,970
1PpU2yx6CSruakyYjckH8eUJWAH1XUQ7ZM,971
1Pqrx3NMF9VmMW6ikLZST3veBkUmY6be15,972
1PsEZNrXUTcHVEDVHxFFAQkpNxiQwcgdzn,973
1PsUpBKZJeMkWJcQP1P3ficpVh3XxCzL3o,974
1Pudc88gyFynBVZccRJeYyEV7ZnjfXnfKn,975
1PvMaV21Q5T4zHg5wmeRr7iE9HAKd3MfnC,976
1PwcmHdjVFfQgXpd6V4BGzRY7yLBvGb4eK,977
1PxUJBokfT8Cn1pizWYeJpbpm9To4HwRHr,978
1Pxo62x9u7jqTPCgTJs9eaKxDUcnpTN8dt,979
1PyKe5Dokd9T6WMq1Wjc4mZ99v88dCKJWe,980
1PzBYSR2qjKMgBXhFqS4oUte3Q6ANAvNGv,981
1Q2TWHE3GMdB6BZKafqwxXtWAWgFt5Jvm3,982
1Q2WuR4re9TdtSrz4dRVFH7exrraCpAAoE,983
1Q2ZL2ZA8i7N94uQzZJ6Fbe3dgAfJmqmz8,984
1Q6kHNUDra29FqKGXf8rWuj6LZizjAHVvq,985
1Q7Ach95Kv3eFf5DxTNTsgMxMhBFtJtXuf,986
1Q9mRwUXWbDRiq5LhNiXhf9cXeZcCQYVTE,987
1QCL4pVUEPMQQ792MEnLPdX7ZDUmyySc3a,988
1QD3acY5qUZqgtsqwA14S83MqpLF8KoHhb,989
1QEDtTS36hrcJuv6SvhqoUvVrfMLdkaN7C,990
1QEHawPyyALtoDcXTpQsMNtQCoUswtWRJu,991
1QGiRWdAwZSE9QHrcxqusjCfPwYiADZx6o,992
1QHTV856dWWwzSQN738tvEneYgsagQdYpM,993
1QJ1uJTiJqWtbZX64nxT3Wmh5ExVrY4y3F,994
1QJkBd8wiDufzAcsaFHymAbU5gjHAeqyou,995
1QKJnFPvRoZ7avBhxqwxhsEv62JWYoB1R9,996
1QNzY4rFXUrigUtbuvPu7wsKvHsDQKv86,997
1RkgYszBm15XCj7SVxF29xpspuU6snCSB,998
1SLkiCeQwBe56cvKMXmo8dYAe8SmjfrwX,999
1T2TbagADcZFN433zk1HjYuTiXTPs62Yd,1000
1UZhhzWo85osGzNrs1BVjoE3FP8ea2umX,1001
1UiAbm15uzJam6Ljx7AFRRQZ1M6gRBpk9,1002
1ajo3LNjjNWK7GMJwa71tcR3Mk6roeaS9,1003
1ax2fn3tdpH1R3A2yNFtp8Fn7Z7rt9DnY,1004
1dyoBoF5vDmPCxwSsUZbbYhA5qjAfBTx9,1005
1eS5ybzSrPtArCugrcAtcC58g8YNjwGZV,1006
1fWnu8Lc5TrtFSUpRPqixxFYq614rK3MW,1007
1h2Znru8Y624tuVnu1UgUujNACTzaFABz,1008
1kJiZDVzv9n8GwiYoPUG8w82P43NhK8CD,1009
1nQ5KafzA4DWGa327n8JnZ29q4PKg5Y7m,1010
1tCYRLM1bAjSy2NrBp5HnLKAx5zprtDkT,1011
1v7KrV1wTuoGqYZEEHzP4KqC4mSBVwLGr,1012
1xgLCvWYJGuCxqPunbBiUxmSKLDwxZeu5,1013
1yGHXbKrDRqURLxkQqw83EFE1L6WQvHZY,1014
1yNErqkG6GFaQTkRjrp38nqpVFn7QJnhV,1015
1yyUAxXFkeu6D7qYB6mZXfbgAsEkwVAtE,1016
1zL84Kf5T6KKQwTCWZiVoo9GSV57ChdUt,1017
